User ID,Username,Image,Answers,Questions,Reached,Joined Date,Profile Views,Reputation,URL
1,cr0,https://i.stack.imgur.com/NI9v4.jpg?s=328&g=1,0,10,~16k,2015-12-23 18:25:53Z,17 profile views,194,https://security.stackexchange.com/users/95214/cr0
2,Nathan Goings,https://www.gravatar.com/avatar/021ac42b889fe9f5503fbfcd9cd2ec04?s=328&d=identicon&r=PG,4,1,~30k,2013-03-06 01:12:48Z,33 profile views,553,https://security.stackexchange.com/users/21535/nathan-goings
3,Mark,https://i.stack.imgur.com/NA6Jy.png?s=32&g=1,451,3,~1.5m,2014-01-18 04:43:07Z,"1,428 profile views","31,432",https://security.stackexchange.com/users/37496/mark
4,scopedial,https://lh3.googleusercontent.com/-5vji0Lk4LY8/AAAAAAAAAAI/AAAAAAAAM1s/ZdYk-IsEI88/photo.jpg?sz=32,3,1,~1k,2015-04-14 13:50:20Z,6 profile views,91,https://security.stackexchange.com/users/72428/scopedial
5,Adonalsium,https://i.stack.imgur.com/szsgy.png?s=328&g=1,37,0,~42k,2017-02-03 16:03:53Z,125 profile views,"2,296",https://security.stackexchange.com/users/138280/adonalsium
6,cbeleites,https://i.stack.imgur.com/nAU0F.png?s=328&g=1,0,0,0,2017-10-31 19:48:09Z,0 profile views,101,https://security.stackexchange.com/users/162769/cbeleites
7,a CVn,https://i.stack.imgur.com/XWsKp.png?s=328&g=1,67,5,~303k,2011-04-19 13:40:03Z,748 profile views,"6,405",https://security.stackexchange.com/users/2138/a-cvn
8,Flummox,https://i.stack.imgur.com/ww5vo.jpg?s=328&g=1,0,0,0,2017-11-02 08:14:15Z,748 profile views,101,https://security.stackexchange.com/users/162894/flummox
9,Anders,https://i.stack.imgur.com/ImYIK.jpg?s=32&g=1,490,23,~1.5m,2016-01-28 15:31:05Z,"4,533 profile views","48,426",https://security.stackexchange.com/users/98538/anders
10,Darren H,https://i.stack.imgur.com/K5A4V.jpg?s=328&g=1,0,1,~116,2016-07-24 14:04:25Z,4 profile views,116,https://security.stackexchange.com/users/118368/darren-h
11,AJ Henderson,https://www.gravatar.com/avatar/d4983a2cfa45afe8cda060ea4a71b5ca?s=32&d=identicon&r=PG,875,2,~3.9m,2012-08-30 16:56:04Z,"2,790 profile views","39,413",https://security.stackexchange.com/users/12578/aj-henderson
12,mckenzm,https://www.gravatar.com/avatar/862406681388d9f0683731c2b72cbee7?s=328&d=identicon&r=PG,7,0,~81k,2014-01-20 04:26:15Z,20 profile views,219,https://security.stackexchange.com/users/37559/mckenzm
13,Machavity,https://www.gravatar.com/avatar/c11f2b4035a85ed55486ef537d546e92?s=32&d=identicon&r=PG,24,0,~193k,2015-08-13 14:41:18Z,119 profile views,"2,281",https://security.stackexchange.com/users/83382/machavity
14,Ángel,https://www.gravatar.com/avatar/87f6808f631f319b6fb31a1935a451b7?s=32&d=identicon&r=PG&f=1,225,0,~535k,2014-06-17 13:13:11Z,401 profile views,"8,970",https://security.stackexchange.com/users/49489/%c3%81ngel
15,baldPrussian,https://i.stack.imgur.com/6TEan.jpg?s=32&g=1,65,1,~56k,2017-10-26 17:24:14Z,120 profile views,"2,553",https://security.stackexchange.com/users/162343/baldprussian
16,user1258361,https://www.gravatar.com/avatar/ce20935b2cb15f6605994899106c1b2a?s=32&d=identicon&r=PG,10,7,~5k,2016-04-08 14:17:13Z,46 profile views,262,https://security.stackexchange.com/users/106917/user1258361
17,JohnP,https://www.gravatar.com/avatar/4c03ef407eb68b8cd9dcca37a30e2dc0?s=32&d=identicon&r=PG,0,1,~11k,2012-11-29 01:18:55Z,195 profile views,356,https://security.stackexchange.com/users/16555/johnp
18,Silver,https://www.gravatar.com/avatar/7dc8827eb862cdfc0d3893241835b333?s=32&d=identicon&r=PG,36,5,~42k,2015-11-24 12:43:25Z,50 profile views,"1,276",https://security.stackexchange.com/users/92792/silver
19,wizzwizz4,https://i.stack.imgur.com/FdOvO.png?s=328&g=1,1,0,~11k,2015-12-14 16:51:36Z,47 profile views,274,https://security.stackexchange.com/users/94534/wizzwizz4
20,Basile Starynkevitch,https://i.stack.imgur.com/8Jssg.png?s=328&g=1,0,0,0,2015-02-27 08:27:53Z,8 profile views,101,https://security.stackexchange.com/users/69244/basile-starynkevitch
21,Polynomial,https://www.gravatar.com/avatar/6fc641bdddde78a51c0db6b8527c54f7?s=328&d=identicon&r=PG,820,61,~5.8m,2011-10-12 08:06:35Z,"9,957 profile views","96,652",https://security.stackexchange.com/users/5400/polynomial
22,Josh Ross,https://i.stack.imgur.com/fwNzM.jpg?s=328&g=1,27,0,~28k,2016-04-13 11:19:51Z,29 profile views,643,https://security.stackexchange.com/users/107375/josh-ross
23,Cody P,https://www.gravatar.com/avatar/fe9bf46276a573f671642640935f45ad?s=328&d=identicon&r=PG,14,2,~31k,2016-05-05 06:12:39Z,30 profile views,"1,057",https://security.stackexchange.com/users/109672/cody-p
24,Mavaddat Javid,https://www.gravatar.com/avatar/652eb8ae59ff717c369f064c44175e8d?s=32&d=identicon&r=PG,4,0,~21k,2013-10-15 17:02:38Z,13 profile views,188,https://security.stackexchange.com/users/32048/mavaddat-javid
25,Tom,https://www.gravatar.com/avatar/8f7fcd81979b29f5fd4ddf155987e588?s=32&d=identicon&r=PG,84,1,~311k,2016-02-16 17:49:57Z,130 profile views,"4,352",https://security.stackexchange.com/users/101474/tom
26,Steve Sether,https://i.stack.imgur.com/ARM8t.jpg?s=32&g=1,208,7,~790k,2014-09-23 17:33:10Z,745 profile views,"16,176",https://security.stackexchange.com/users/56022/steve-sether
27,Sergio Andrés Figueroa Santos,https://lh5.googleusercontent.com/-GlzRYIU76TY/AAAAAAAAAAI/AAAAAAAAJkU/bw_JIHpRjwE/photo.jpg?sz=32,6,1,~850,2016-03-12 11:53:34Z,24 profile views,236,https://security.stackexchange.com/users/104208/sergio-andr%c3%a9s-figueroa-santos
28,gnasher729,https://www.gravatar.com/avatar/5993e7ece129141878cd6419d39cc26e?s=328&d=identicon&r=PG&f=1,41,2,~61k,2014-03-15 12:39:23Z,100 profile views,"1,336",https://security.stackexchange.com/users/42053/gnasher729
29,Chris Stratton,https://www.gravatar.com/avatar/3fd38783123814dee889d28c991e56fb?s=328&d=identicon&r=PG,0,0,0,2017-07-22 19:44:15Z,5 profile views,101,https://security.stackexchange.com/users/155017/chris-stratton
30,David Schwartz,https://www.gravatar.com/avatar/346ca03edfbde2a468adc289867ab975?s=328&d=identicon&r=PG,46,0,~233k,2011-08-16 01:23:13Z,500 profile views,"3,789",https://security.stackexchange.com/users/4295/david-schwartz
31,VC_work,https://www.gravatar.com/avatar/78223a88fbec80fce44062d816e17330?s=32&d=identicon&r=PG&f=1,0,3,~6k,2016-10-27 16:49:39Z,88 profile views,191,https://security.stackexchange.com/users/128901/vc-work
32,Shackledtodesk,https://www.gravatar.com/avatar/0192602c1a4cb555f04fcf7e8fe9d769?s=328&d=identicon&r=PG&f=1,13,0,~41k,2016-10-23 01:44:52Z,81 profile views,"1,181",https://security.stackexchange.com/users/128341/shackledtodesk
33,crovers,https://i.stack.imgur.com/zGOge.jpg?s=328&g=1,98,1,~157k,2016-06-30 14:36:14Z,257 profile views,"6,004",https://security.stackexchange.com/users/116230/crovers
34,Mindwin,https://www.gravatar.com/avatar/1e6026c959ce8fb85ba27b90085a54db?s=328&d=identicon&r=PG,2,7,~15k,2014-04-11 20:32:10Z,129 profile views,622,https://security.stackexchange.com/users/44336/mindwin
35,gowenfawr,https://i.stack.imgur.com/1lFNP.jpg?s=32&g=1,612,8,~2.6m,2011-07-12 19:53:38Z,"2,531 profile views","51,416",https://security.stackexchange.com/users/3365/gowenfawr
36,hax,https://www.gravatar.com/avatar/e4197a56d186f6971d13308724f77ede?s=32&d=identicon&r=PG&f=1,65,7,~103k,2016-08-11 04:24:02Z,71 profile views,"2,352",https://security.stackexchange.com/users/121141/hax
37,John Keates,https://www.gravatar.com/avatar/e6923b03123e18b41dd0c0264ce70e59?s=32&d=identicon&r=PG,24,0,~6k,2015-03-14 15:47:51Z,42 profile views,452,https://security.stackexchange.com/users/70350/john-keates
38,symcbean,https://www.gravatar.com/avatar/2c69074600f4d1cdb9c6d78370ab3335?s=32&d=identicon&r=PG,583,15,~1.2m,2010-11-30 12:47:34Z,873 profile views,"15,564",https://security.stackexchange.com/users/543/symcbean
39,mercurial,https://www.gravatar.com/avatar/a6286fc79640751797273eea25024abb?s=32&d=identicon&r=PG&f=1,1,11,~14k,2015-11-23 01:56:19Z,48 profile views,493,https://security.stackexchange.com/users/92643/mercurial
40,HashHazard,https://i.stack.imgur.com/051mQ.jpg?s=328&g=1,122,3,~299k,2014-10-24 04:49:47Z,233 profile views,"4,656",https://security.stackexchange.com/users/59403/hashhazard
41,Magnetic_dud,https://www.gravatar.com/avatar/8ca8facaad4cce82f8a9ed19d6da215e?s=328&d=identicon&r=PG,0,2,~22k,2016-10-25 10:58:45Z,7 profile views,158,https://security.stackexchange.com/users/128591/magnetic-dud
42,avi,https://www.gravatar.com/avatar/8b78cbf176df6cbaf2b901cc7175980a?s=32&d=identicon&r=PG,3,0,~515,2016-11-13 13:18:37Z,2 profile views,21,https://security.stackexchange.com/users/130364/avi
43,André Borie,https://www.gravatar.com/avatar/26d4222aba1bea0f5720cc9094750485?s=32&d=identicon&r=PG,216,14,~520k,2015-08-14 16:06:04Z,"1,279 profile views","11,478",https://security.stackexchange.com/users/83483/andr%c3%a9-borie
44,kasperd,https://www.gravatar.com/avatar/94d9a0b48ed04d00d7608ffa07afebd0?s=328&d=identicon&r=PG&f=1,85,5,~407k,2014-05-23 06:18:30Z,541 profile views,"5,056",https://security.stackexchange.com/users/47143/kasperd
45,James_pic,https://www.gravatar.com/avatar/1b5d22c1debe70638c165948a4a99cc0?s=328&d=identicon&r=PG,11,4,~124k,2013-03-01 17:28:54Z,57 profile views,"1,207",https://security.stackexchange.com/users/21359/james-pic
46,Ron Maupin,https://i.stack.imgur.com/4UKoC.png?s=328&g=1,0,0,0,2015-08-10 14:45:27Z,5 profile views,101,https://security.stackexchange.com/users/83099/ron-maupin
47,Michael Hampton,https://i.stack.imgur.com/Ic2rZ.png?s=328&g=1,22,3,~159k,2012-07-17 00:18:09Z,849 profile views,"3,193",https://security.stackexchange.com/users/11291/michael-hampton
48,John Deters,https://i.stack.imgur.com/lOnBA.png?s=32&g=1,541,5,~1.5m,2012-08-08 19:25:25Z,969 profile views,"25,934",https://security.stackexchange.com/users/12082/john-deters
49,tlng05,https://www.gravatar.com/avatar/e5da302a4df25c018687af9680e9ea94?s=328&d=identicon&r=PG&f=1,104,2,~438k,2014-09-02 00:03:26Z,289 profile views,"8,244",https://security.stackexchange.com/users/54791/tlng05
50,Elliot Gorokhovsky,https://www.gravatar.com/avatar/2031da3bb3fc999ec22e677995debd7b?s=328&d=identicon&r=PG&f=1,0,14,~8k,2014-07-24 03:28:11Z,39 profile views,321,https://security.stackexchange.com/users/52562/elliot-gorokhovsky
51,Limit,https://www.gravatar.com/avatar/0c9190b3c7860df9c0b616e77a3759d8?s=32&d=identicon&r=PG,69,18,~82k,2016-04-18 05:41:03Z,367 profile views,"2,651",https://security.stackexchange.com/users/107935/limit
52,Adam Sitemap,https://www.gravatar.com/avatar/4e37598f082ab7beaf1889a7ba9f990b?s=328&d=identicon&r=PG&f=1,12,2,~7k,2015-09-08 13:50:56Z,24 profile views,158,https://security.stackexchange.com/users/86295/adam-sitemap
53,Toby Speight,https://www.gravatar.com/avatar/504af892a114ea39f2a8872f8c44d964?s=32&d=identicon&r=PG&f=1,11,1,~102k,2015-10-21 15:55:23Z,43 profile views,"1,064",https://security.stackexchange.com/users/89875/toby-speight
54,mostlyinformed,https://www.gravatar.com/avatar/037ff953c61ddea9d8564fc20b1b010e?s=328&d=identicon&r=PG&f=1,53,20,~102k,2015-09-10 00:22:22Z,200 profile views,"1,653",https://security.stackexchange.com/users/86410/mostlyinformed
55,Anirudh Malhotra,https://www.gravatar.com/avatar/d5eb6c386c094dc1dfeff758986ccfaa?s=328&d=identicon&r=PG&f=1,7,0,~8k,2016-10-20 12:07:25Z,40 profile views,252,https://security.stackexchange.com/users/128084/anirudh-malhotra
56,R..,https://www.gravatar.com/avatar/73c5967cf90e62b10d34b1d2d0ad3aae?s=328&d=identicon&r=PG,20,0,~258k,2011-06-13 02:48:05Z,361 profile views,"4,537",https://security.stackexchange.com/users/2836/r
57,Craig,https://i.stack.imgur.com/zqH1I.jpg?s=328&g=1,23,1,~64k,2014-03-13 08:10:14Z,114 profile views,"1,308",https://security.stackexchange.com/users/41913/craig
58,katrix,https://www.gravatar.com/avatar/e67f069a5f214fbc05df57a2ff9a23b6?s=32&d=identicon&r=PG,25,4,~23k,2014-03-05 18:38:43Z,21 profile views,495,https://security.stackexchange.com/users/41463/katrix
59,ssokolow,https://www.gravatar.com/avatar/80df0d0f2a1945a7bed366ff25f8ea5d?s=328&d=identicon&r=PG,1,1,~61k,2011-10-20 00:32:26Z,28 profile views,323,https://security.stackexchange.com/users/5527/ssokolow
60,Tim X,https://www.gravatar.com/avatar/92b1629d68b1c8a78dfec02ab4a05662?s=328&d=identicon&r=PG,136,0,~234k,2012-10-11 21:21:24Z,155 profile views,"2,921",https://security.stackexchange.com/users/13958/tim-x
61,DrSt4ng3,https://www.gravatar.com/avatar/64e35fd40ea48b2a8ee9f1e170563df8?s=32&d=identicon&r=PG&f=1,1,0,0,2016-10-26 01:07:16Z,0 profile views,1,https://security.stackexchange.com/users/128674/drst4ng3
62,Culme,https://i.stack.imgur.com/KXD6e.jpg?s=32&g=1,1,0,0,2016-10-27 11:39:51Z,0 profile views,101,https://security.stackexchange.com/users/128873/culme
63,Chad Caldwell,https://www.gravatar.com/avatar/95b44ff109207f372443b4737e6437b5?s=32&d=identicon&r=PG&f=1,0,1,~10k,2015-03-25 03:07:10Z,35 profile views,386,https://security.stackexchange.com/users/71041/chad-caldwell
64,SeeYouInDisneyland,https://i.stack.imgur.com/UIYL4.jpg?s=328&g=1,12,1,~7k,2018-08-14 13:02:47Z,22 profile views,341,https://security.stackexchange.com/users/184205/seeyouindisneyland
65,Rоry McCune,https://www.gravatar.com/avatar/85fb3963936c95b4cb719f10f8e3ce7c?s=328&d=identicon&r=PG,680,23,~4.4m,2010-11-11 21:51:52Z,"3,581 profile views","51,977",https://security.stackexchange.com/users/37/r%d0%bery-mccune
66,Steffen Ullrich,https://i.stack.imgur.com/Z2NYm.png?s=328&g=1,"2,178",0,~3.6m,2014-01-15 21:47:56Z,"6,474 profile views","111,700",https://security.stackexchange.com/users/37315/steffen-ullrich
67,IMSoP,https://i.stack.imgur.com/MBRE7.jpg?s=328&g=1,15,0,~60k,2014-07-14 23:45:18Z,99 profile views,"2,550",https://security.stackexchange.com/users/51961/imsop
68,AJMansfield,https://www.gravatar.com/avatar/22ea15aa505ee3fdcc5cb40b00a31f63?s=328&d=identicon&r=PG,1,3,~62k,2012-12-04 01:38:11Z,48 profile views,315,https://security.stackexchange.com/users/16726/ajmansfield
69,Ruscal,https://www.gravatar.com/avatar/099a9ba61b68c1693859095370662c19?s=328&d=identicon&r=PG,2,0,~599,2013-09-11 17:03:44Z,3 profile views,131,https://security.stackexchange.com/users/30700/ruscal
70,thel3l,https://i.stack.imgur.com/Vgzrs.jpg?s=32&g=1,83,0,~129k,2016-09-22 14:25:53Z,169 profile views,"3,094",https://security.stackexchange.com/users/125176/thel3l
71,Philipp,https://www.gravatar.com/avatar/24231f169c1ed55850339ec5d62047c5?s=328&d=identicon&r=PG,509,4,~2.0m,2013-08-07 20:50:12Z,"1,681 profile views","43,672",https://security.stackexchange.com/users/29252/philipp
72,Chloe,https://www.gravatar.com/avatar/263aa1ae12d9757f78167b80e596c3df?s=32&d=identicon&r=PG,12,22,~101k,2012-03-27 18:39:15Z,273 profile views,878,https://security.stackexchange.com/users/8722/chloe
73,Gabriel Rebello,https://www.gravatar.com/avatar/480ce7b5b419c3821fb3655818d2229b?s=32&d=identicon&r=PG&f=1,0,2,~6k,2017-04-25 02:45:15Z,8 profile views,196,https://security.stackexchange.com/users/146587/gabriel-rebello
74,md_1976,https://www.gravatar.com/avatar/bc236953c9955b591d2270342aac2a41?s=32&d=identicon&r=PG,8,0,~9k,2013-08-21 18:22:39Z,2 profile views,129,https://security.stackexchange.com/users/29816/md-1976
75,Jus12,https://www.gravatar.com/avatar/5f8b17057d3ba1273855c7c0efd0a301?s=328&d=identicon&r=PG,0,6,~73k,2011-09-30 06:27:44Z,43 profile views,590,https://security.stackexchange.com/users/5251/jus12
76,forest,https://www.gravatar.com/avatar/581daa3d4178be147f10687d92723c38?s=328&d=identicon&r=PG&f=1,23,2,~9k,2017-11-27 22:24:22Z,"3,099 profile views",727,https://security.stackexchange.com/users/164773/forest
77,Maarten Bodewes,https://i.stack.imgur.com/vJbKg.jpg?s=328&g=1,120,4,~153k,2011-05-29 01:25:50Z,387 profile views,"3,313",https://security.stackexchange.com/users/2651/maarten-bodewes
78,alive-and-well,https://www.gravatar.com/avatar/ba969df1afb6e91a49a975c1756ef57f?s=32&d=identicon&r=PG&f=1,1,5,~3k,2015-08-31 12:02:35Z,17 profile views,63,https://security.stackexchange.com/users/84715/alive-and-well
79,immibis,https://www.gravatar.com/avatar/c88b9310b92a937108ec4336c2832f92?s=328&d=identicon&r=PG,11,1,~67k,2014-02-14 00:08:21Z,387 profile views,"1,839",https://security.stackexchange.com/users/40059/immibis
80,Rory Alsop♦,https://www.gravatar.com/avatar/af1ed0816ed5a2164a4e343ad09309ad?s=328&d=identicon&r=PG,850,16,~4.3m,2010-11-25 12:37:06Z,"12,583 profile views","56,067",https://security.stackexchange.com/users/485/rory-alsop
81,Peter A. Schneider,https://i.stack.imgur.com/ulVTa.png?s=328&g=1,6,0,~48k,2014-11-04 05:15:45Z,99 profile views,883,https://security.stackexchange.com/users/60135/peter-a-schneider
82,Alex L,https://i.stack.imgur.com/BdQXs.jpg?s=32&g=1,1,2,~108k,2017-08-07 16:56:49Z,168 profile views,"2,044",https://security.stackexchange.com/users/156248/alex-l
83,gerrit,https://i.stack.imgur.com/vAAS0.png?s=328&g=1,1,9,~9k,2012-10-19 22:29:28Z,118 profile views,466,https://security.stackexchange.com/users/15187/gerrit
84,Criggie,https://i.stack.imgur.com/5I9Co.gif?s=328&g=1,4,0,~45k,2015-10-13 21:31:08Z,30 profile views,291,https://security.stackexchange.com/users/89159/criggie
85,Murphy,https://www.gravatar.com/avatar/05ee00bace758f89893fb237af9c5fd1?s=328&d=identicon&r=PG&f=1,6,0,~111k,2014-07-25 17:00:15Z,17 profile views,"1,997",https://security.stackexchange.com/users/52675/murphy
86,Daniel,https://www.gravatar.com/avatar/f98f45a001713bc2dca4109c2b6c79f8?s=328&d=identicon&r=PG&f=1,0,0,0,2017-10-26 13:20:50Z,3 profile views,101,https://security.stackexchange.com/users/162328/daniel
87,gilhad,https://i.stack.imgur.com/Tpu6Y.gif?s=328&g=1,3,0,~483,2016-01-28 18:20:42Z,2 profile views,131,https://security.stackexchange.com/users/98564/gilhad
88,chacham15,https://www.gravatar.com/avatar/98f7fe2586e61744ae92d0847b62d0fa?s=328&d=identicon&r=PG,0,1,~242,2013-04-30 14:46:38Z,2 profile views,113,https://security.stackexchange.com/users/25424/chacham15
89,user1067003,https://www.gravatar.com/avatar/e3af2bd4b5604b0b661b5e6646544eba?s=328&d=identicon&r=PG,0,0,0,2012-12-22 20:31:07Z,40 profile views,101,https://security.stackexchange.com/users/17908/user1067003
90,Conor Mancone,https://i.stack.imgur.com/mRaTG.jpg?s=328&g=1,108,6,~350k,2017-05-30 21:20:48Z,499 profile views,"9,626",https://security.stackexchange.com/users/149676/conor-mancone
91,Paul,https://i.stack.imgur.com/V9l7Y.jpg?s=328&g=1,9,0,~17k,2015-08-20 17:44:08Z,37 profile views,773,https://security.stackexchange.com/users/83938/paul
92,Noir,https://www.gravatar.com/avatar/a1fdbc89913eb49a1e65f2923be74a3e?s=32&d=identicon&r=PG,45,3,~181k,2014-09-15 11:44:29Z,57 profile views,"2,223",https://security.stackexchange.com/users/55534/noir
93,Matthew Read,https://www.gravatar.com/avatar/9f45abdea17c709041812609c7fdfb69?s=328&d=identicon&r=PG,1,1,~3k,2010-12-15 03:28:18Z,50 profile views,198,https://security.stackexchange.com/users/716/matthew-read
94,Ian Ringrose,https://www.gravatar.com/avatar/699a9b2caefb52530d1c872bb2932d21?s=328&d=identicon&r=PG,14,2,~89k,2011-07-06 15:26:06Z,78 profile views,567,https://security.stackexchange.com/users/3253/ian-ringrose
95,Ray,https://www.gravatar.com/avatar/c9c813f7cbce4c44014a39bdefa08f50?s=328&d=identicon&r=PG,0,0,0,2016-03-11 02:42:54Z,10 profile views,101,https://security.stackexchange.com/users/104065/ray
96,ThoriumBR,https://www.gravatar.com/avatar/81e614672810c9a51eba089480358ca9?s=32&d=identicon&r=PG,321,0,~740k,2014-08-22 18:34:35Z,"1,086 profile views","20,266",https://security.stackexchange.com/users/54284/thoriumbr
97,AndrolGenhald,https://www.gravatar.com/avatar/d712898103f06ff3a080cce901ba39cd?s=328&d=identicon&r=PG&f=1,120,0,~115k,2017-06-26 14:45:47Z,358 profile views,"8,754",https://security.stackexchange.com/users/151903/androlgenhald
98,Damon,https://www.gravatar.com/avatar/9941673f566f229bc536c1c2b558884e?s=328&d=identicon&r=PG&f=1,59,3,~487k,2014-02-09 11:05:10Z,318 profile views,"2,806",https://security.stackexchange.com/users/39774/damon
99,iBug,https://i.stack.imgur.com/lBWIE.png?s=328&g=1,3,1,~5k,2018-01-12 07:59:05Z,14 profile views,170,https://security.stackexchange.com/users/168307/ibug
100,mootmoot,https://www.gravatar.com/avatar/b0178fd0ada940a400e40867315020b2?s=328&d=identicon&r=PG&f=1,96,2,~85k,2016-07-18 16:48:00Z,254 profile views,"1,484",https://security.stackexchange.com/users/117888/mootmoot
101,Pedro Gomes,https://i.stack.imgur.com/UKlmo.jpg?s=328&g=1,3,0,~106k,2017-02-28 22:03:10Z,11 profile views,195,https://security.stackexchange.com/users/140707/pedro-gomes
102,Ruadhan2300,https://www.gravatar.com/avatar/8e016d68235b6cd2548052a302bbad6d?s=328&d=identicon&r=PG,4,0,~41k,2018-06-05 13:44:55Z,8 profile views,511,https://security.stackexchange.com/users/179632/ruadhan2300
103,Citizen,https://www.gravatar.com/avatar/c0bc91a7a6250dcb4cd9567ee59c1cb8?s=328&d=identicon&r=PG,0,1,~106k,2018-09-24 12:27:46Z,"1,145 profile views","1,736",https://security.stackexchange.com/users/187246/citizen
104,jpmc26,https://i.stack.imgur.com/mSjIL.jpg?s=328&g=1,3,4,~36k,2014-05-21 04:26:24Z,221 profile views,639,https://security.stackexchange.com/users/46979/jpmc26
105,jjmontes,https://i.stack.imgur.com/NczD5.png?s=328&g=1,3,0,~7k,2014-04-10 09:44:59Z,15 profile views,208,https://security.stackexchange.com/users/44039/jjmontes
106,Doomgoose,https://i.stack.imgur.com/e6wPO.png?s=32&g=1,12,1,~118k,2017-05-02 21:36:23Z,13 profile views,718,https://security.stackexchange.com/users/147242/doomgoose
107,WGroleau,https://i.stack.imgur.com/pREqp.jpg?s=328&g=1,3,1,~135,2014-05-20 02:09:27Z,27 profile views,154,https://security.stackexchange.com/users/46900/wgroleau
108,shellster,https://www.gravatar.com/avatar/cb98580ebba346a3a4dc8030b0b57945?s=328&d=identicon&r=PG,3,0,~106k,2017-02-08 14:31:37Z,27 profile views,219,https://security.stackexchange.com/users/138765/shellster
109,tripleee,https://www.gravatar.com/avatar/091f411d57db5be8298e057a32e5ad72?s=328&d=identicon&r=PG,2,0,~263,2016-10-21 06:28:32Z,18 profile views,167,https://security.stackexchange.com/users/128167/tripleee
110,Rob,https://i.stack.imgur.com/14kOr.png?s=328&g=1,14,0,~47k,2015-01-30 15:55:08Z,15 profile views,347,https://security.stackexchange.com/users/67377/rob
111,Peter Teoh,https://www.gravatar.com/avatar/074b5aae0a564bb72dc210c9c63abd87?s=328&d=identicon&r=PG,5,2,~21k,2013-01-27 06:25:12Z,8 profile views,236,https://security.stackexchange.com/users/20079/peter-teoh
112,beeshyams,https://i.stack.imgur.com/g1yOf.jpg?s=328&g=1,1,1,~401,2016-02-02 19:18:35Z,80 profile views,143,https://security.stackexchange.com/users/99059/beeshyams
113,allo,https://www.gravatar.com/avatar/a6b495308482759d359eb97636fdccb0?s=32&d=identicon&r=PG,49,3,~199k,2016-05-15 13:42:07Z,52 profile views,"2,174",https://security.stackexchange.com/users/110686/allo
114,Loren Pechtel,https://www.gravatar.com/avatar/02e1e5ac4f5c3e32859dede277dfd64b?s=32&d=identicon&r=PG,13,0,~49k,2011-08-11 02:07:58Z,50 profile views,717,https://security.stackexchange.com/users/4020/loren-pechtel
115,Krumia,https://i.stack.imgur.com/8bbfv.jpg?s=32&g=1,3,2,~77k,2014-08-03 08:43:42Z,28 profile views,473,https://security.stackexchange.com/users/53150/krumia
116,DrDinosaur,https://www.gravatar.com/avatar/806123ad29864f22f6bac211b72e4323?s=328&d=identicon&r=PG&f=1,4,0,~1k,2014-11-29 22:24:02Z,7 profile views,145,https://security.stackexchange.com/users/61660/drdinosaur
117,Dennis Jaheruddin,https://www.gravatar.com/avatar/45beee9b157c1cace13d6fdf180af9df?s=32&d=identicon&r=PG,12,4,~48k,2012-11-06 14:35:08Z,96 profile views,853,https://security.stackexchange.com/users/15756/dennis-jaheruddin
118,numbermaniac,https://i.stack.imgur.com/xY0G2.jpg?s=328&g=1,0,0,0,2017-10-31 07:58:26Z,0 profile views,101,https://security.stackexchange.com/users/162710/numbermaniac
119,user185163,https://www.gravatar.com/avatar/d5e304bb66d6a0f73a75318b02d078bf?s=328&d=identicon&r=PG,0,0,0,2018-08-27 01:47:44Z,0 profile views,101,https://security.stackexchange.com/users/185163/user185163
120,Matthew Elvey,https://i.stack.imgur.com/52ikQ.jpg?s=328&g=1,12,1,~327k,2012-05-19 16:08:36Z,90 profile views,548,https://security.stackexchange.com/users/9989/matthew-elvey
121,Daniel F,https://i.stack.imgur.com/F0Dwz.png?s=328&g=1,0,2,~11k,2013-09-29 11:34:38Z,5 profile views,137,https://security.stackexchange.com/users/31373/daniel-f
122,Malekr,https://www.gravatar.com/avatar/ea8020d885952537801d2a5c70b990fd?s=32&d=identicon&r=PG&f=1,2,0,0,2018-09-24 15:03:42Z,23 profile views,1,https://security.stackexchange.com/users/187254/malekr
123,hyde,https://www.gravatar.com/avatar/81b91f602ce8acea8cbeb29f62725627?s=328&d=identicon&r=PG,0,1,~2k,2014-06-27 07:06:13Z,3 profile views,101,https://security.stackexchange.com/users/50027/hyde
124,Matthew FitzGerald-Chamberlain,https://i.stack.imgur.com/FEwWN.jpg?s=328&g=1,0,0,0,2018-05-23 15:52:30Z,3 profile views,101,https://security.stackexchange.com/users/178763/matthew-fitzgerald-chamberlain
125,Mooing Duck,https://www.gravatar.com/avatar/50ccdbac5f0f9ff683e4b30a248189bf?s=328&d=identicon&r=PG,0,0,0,2012-12-21 23:29:42Z,69 profile views,101,https://security.stackexchange.com/users/17867/mooing-duck
126,Mike Scott,https://www.gravatar.com/avatar/4f7cd7e4397ba70837eeca1874829688?s=32&d=identicon&r=PG,120,0,~428k,2011-01-02 08:14:30Z,296 profile views,"7,151",https://security.stackexchange.com/users/903/mike-scott
127,Xan,https://www.gravatar.com/avatar/f6278534f82406052d8aac1da327b84c?s=328&d=identicon&r=PG,0,0,0,2014-04-09 12:30:41Z,5 profile views,101,https://security.stackexchange.com/users/43840/xan
128,Rohan Kandwal,https://www.gravatar.com/avatar/4b842d236540c2d2d8d2134eb3dcfa71?s=32&d=identicon&r=PG,1,0,~5k,2018-09-17 21:34:25Z,4 profile views,291,https://security.stackexchange.com/users/186812/rohan-kandwal
129,Robert Columbia,https://i.stack.imgur.com/c4ecN.png?s=328&g=1,0,0,0,2016-10-11 13:08:07Z,5 profile views,101,https://security.stackexchange.com/users/127124/robert-columbia
130,gabdev,https://graph.facebook.com/10210013696050319/picture?type=large,2,0,~4k,2018-05-10 14:14:57Z,5 profile views,71,https://security.stackexchange.com/users/177815/gabdev
131,Clearer,https://www.gravatar.com/avatar/003aa224fb6ca93a53bd2973a98e242e?s=328&d=identicon&r=PG,2,0,~3k,2014-10-10 20:47:30Z,2 profile views,111,https://security.stackexchange.com/users/57389/clearer
132,Ben Voigt,https://i.stack.imgur.com/peLE7.jpg?s=328&g=1,15,0,~25k,2011-06-23 08:47:51Z,271 profile views,938,https://security.stackexchange.com/users/3034/ben-voigt
133,Kevin,https://www.gravatar.com/avatar/279c4270deeebe469b7c3770e7accfae?s=328&d=identicon&r=PG,0,2,~195,2012-12-20 15:59:51Z,19 profile views,129,https://security.stackexchange.com/users/17558/kevin
134,iheanyi,https://www.gravatar.com/avatar/a67a4afaa3e67ed31d90400f2eb9a22a?s=328&d=identicon&r=PG,0,0,0,2014-04-08 21:32:14Z,0 profile views,101,https://security.stackexchange.com/users/43761/iheanyi
135,TheWolf,https://www.gravatar.com/avatar/0f700af9a733ce50eb6a9b9dc5ad95e6?s=32&d=identicon&r=PG&f=1,5,8,~25k,2014-04-19 00:37:23Z,17 profile views,803,https://security.stackexchange.com/users/45002/thewolf
136,JeffUK,https://www.gravatar.com/avatar/4d97be4271939adcd1eec201cd777f57?s=328&d=identicon&r=PG,0,0,0,2015-07-16 15:49:20Z,3 profile views,101,https://security.stackexchange.com/users/81158/jeffuk
137,Drag and Drop,https://www.gravatar.com/avatar/596df03e1a0b79a4c4b2615820202a59?s=328&d=identicon&r=PG&f=1,0,1,~40,2017-02-03 09:08:58Z,6 profile views,113,https://security.stackexchange.com/users/138236/drag-and-drop
138,Siguza,https://www.gravatar.com/avatar/e264db339bb96e343770fa38018e00f1?s=32&d=identicon&r=PG,1,0,~22k,2016-02-10 11:50:40Z,8 profile views,411,https://security.stackexchange.com/users/99881/siguza
139,Relaxed,https://www.gravatar.com/avatar/4d29493844f3aa6e6d8959cd6a863f9a?s=328&d=identicon&r=PG,4,0,~49k,2013-09-11 07:05:08Z,22 profile views,802,https://security.stackexchange.com/users/30669/relaxed
140,Sebi,https://www.gravatar.com/avatar/c867715dd8889fd6d3cc43c2cbf6e859?s=328&d=identicon&r=PG,0,0,0,2012-12-21 11:35:08Z,5 profile views,101,https://security.stackexchange.com/users/17785/sebi
141,Matija Nalis,https://www.gravatar.com/avatar/f987e5fcc1463e4ebe90870565c5c602?s=328&d=identicon&r=PG,21,1,~90k,2013-11-06 13:44:53Z,47 profile views,845,https://security.stackexchange.com/users/32877/matija-nalis
142,TripeHound,https://i.stack.imgur.com/uVjii.jpg?s=328&g=1,3,0,~1k,2014-12-01 14:18:37Z,54 profile views,196,https://security.stackexchange.com/users/61744/tripehound
143,Sam,https://i.stack.imgur.com/oDG25.jpg?s=32&g=1,1,0,~22k,2017-10-02 17:30:06Z,3 profile views,241,https://security.stackexchange.com/users/160328/sam
144,Nemo,https://www.gravatar.com/avatar/2ec35ca45d668fb32f9beea1b9d8c61f?s=328&d=identicon&r=PG&f=1,1,0,0,2014-06-04 06:44:17Z,8 profile views,147,https://security.stackexchange.com/users/47770/nemo
145,Sayan,https://i.stack.imgur.com/dUAvc.jpg?s=32&g=1,58,10,~89k,2018-06-03 16:11:26Z,189 profile views,"1,483",https://security.stackexchange.com/users/179495/sayan
146,arp,https://www.gravatar.com/avatar/7434b5b966c34a27e2e1a720d128173f?s=32&d=identicon&r=PG,4,0,~28k,2016-09-05 15:37:56Z,3 profile views,421,https://security.stackexchange.com/users/123460/arp
147,jmoreno,https://www.gravatar.com/avatar/f4aba9ddb6b8a1cb84962cd54a53ee98?s=32&d=identicon&r=PG,14,0,~33k,2011-12-07 17:55:55Z,29 profile views,426,https://security.stackexchange.com/users/6252/jmoreno
148,Enerama evre Teknolojileri San,https://lh4.googleusercontent.com/-3D2DcpoIDpw/AAAAAAAAAAI/AAAAAAAAAAk/cp38GWvPbpE/photo.jpg?sz=32,1,0,0,2018-06-02 12:52:53Z,12 profile views,15,https://security.stackexchange.com/users/179438/enerama-evre-teknolojileri-san
149,desbest,https://www.gravatar.com/avatar/bcdd9f5447f1a3f18cefdb8c3f6b4dab?s=328&d=identicon&r=PG,2,3,~972,2015-12-09 11:05:25Z,37 profile views,111,https://security.stackexchange.com/users/94048/desbest
150,aks,https://www.gravatar.com/avatar/09c475a172bbc0a98051826edd0ffd5a?s=32&d=identicon&r=PG,4,0,~42,2014-10-13 14:53:50Z,2 profile views,23,https://security.stackexchange.com/users/58538/aks
151,Cromulent,https://www.gravatar.com/avatar/864455d11775cb17897fe55475884987?s=32&d=identicon&r=PG,0,6,~34k,2011-08-14 13:53:59Z,240 profile views,568,https://security.stackexchange.com/users/4252/cromulent
152,Dooma,https://www.gravatar.com/avatar/55bd18c82933250d5e049a512216b111?s=328&d=identicon&r=PG,0,1,~16k,2018-03-29 16:31:18Z,250 profile views,378,https://security.stackexchange.com/users/174295/dooma
153,Nomad,https://i.stack.imgur.com/4XXhU.png?s=328&g=1,31,3,~25k,2018-03-21 15:53:30Z,60 profile views,"2,010",https://security.stackexchange.com/users/173544/nomad
154,Bakuriu,https://www.gravatar.com/avatar/70b13a9ae1aae1ca1aa6ac8dab4643f2?s=328&d=identicon&r=PG,3,0,~3k,2013-02-21 12:17:44Z,125 profile views,417,https://security.stackexchange.com/users/21011/bakuriu
155,Stephan Branczyk,https://www.gravatar.com/avatar/32a68930c4349d18e5921d2ecedffa57?s=328&d=identicon&r=PG,4,1,~2k,2014-05-26 20:47:08Z,31 profile views,167,https://security.stackexchange.com/users/47326/stephan-branczyk
156,FuruiTatsu,https://www.gravatar.com/avatar/43b1a7818f4b06334a4dad27acea4aa9?s=328&d=identicon&r=PG&f=1,1,0,~16k,2018-02-10 08:14:26Z,6 profile views,163,https://security.stackexchange.com/users/170420/furuitatsu
157,Ferrybig,https://www.gravatar.com/avatar/d8a969ba62fc77da0a20654caffbe234?s=328&d=identicon&r=PG,1,0,~16k,2014-01-31 08:11:23Z,13 profile views,242,https://security.stackexchange.com/users/38248/ferrybig
158,Neil Smithline,https://www.gravatar.com/avatar/082a4401306decf204b7eeffd88deffa?s=328&d=identicon&r=PG,323,1,~411k,2012-06-26 18:11:06Z,"2,614 profile views","12,964",https://security.stackexchange.com/users/10885/neil-smithline
159,Sarge Borsch,https://www.gravatar.com/avatar/647fd44358712b7e73d70ae66daec14e?s=328&d=identicon&r=PG,1,3,~2k,2013-07-27 17:17:47Z,146 profile views,168,https://security.stackexchange.com/users/28765/sarge-borsch
160,JakeGould,https://www.gravatar.com/avatar/0b51840eb7be0a43d1d855b2f79bc0c8?s=328&d=identicon&r=PG,10,3,~107k,2013-02-25 12:54:59Z,71 profile views,981,https://security.stackexchange.com/users/21196/jakegould
161,user31925,https://www.gravatar.com/avatar/ca0f58df1c0e19d61a455b8d8080e51a?s=32&d=identicon&r=PG,2,0,~16k,2018-03-29 18:32:20Z,15 profile views,71,https://security.stackexchange.com/users/174304/user31925
162,user70421,https://www.gravatar.com/avatar/974252de3bb0830aa49576a5ce240466?s=32&d=identicon&r=PG,1,0,0,2018-03-31 21:08:58Z,6 profile views,21,https://security.stackexchange.com/users/174434/user70421
163,Steve,https://www.gravatar.com/avatar/b05ca9c76b96b9003035cf8b96518c04?s=328&d=identicon&r=PG&f=1,6,1,~2k,2016-02-09 17:30:39Z,23 profile views,210,https://security.stackexchange.com/users/99802/steve
164,Caimen,https://www.gravatar.com/avatar/8061440fbbfe2c553a4345c1a971f098?s=328&d=identicon&r=PG,0,0,0,2011-06-23 20:57:51Z,23 profile views,101,https://security.stackexchange.com/users/3064/caimen
165,Rafi Rosa,https://www.gravatar.com/avatar/3aeab1d6020ccb5ea24f45d5b567d470?s=328&d=identicon&r=PG&f=1,0,1,~19k,2018-03-27 16:27:13Z,72 profile views,433,https://security.stackexchange.com/users/174095/rafi-rosa
166,duskwuff,https://www.gravatar.com/avatar/d4ab75d77a9a82e179397fd7964dc36e?s=328&d=identicon&r=PG,23,0,~21k,2015-07-29 21:23:24Z,33 profile views,944,https://security.stackexchange.com/users/82155/duskwuff
167,The-Baddy,https://i.stack.imgur.com/VvzEW.jpg?s=32&g=1,1,0,~19k,2018-03-27 14:48:12Z,13 profile views,419,https://security.stackexchange.com/users/174083/the-baddy
168,brichins,https://www.gravatar.com/avatar/42736a5eb715da772cd40f4d8d260d06?s=328&d=identicon&r=PG,1,0,0,2014-01-23 23:27:24Z,5 profile views,141,https://security.stackexchange.com/users/37821/brichins
169,Nath,https://www.gravatar.com/avatar/62ccf9e14a0738d582cbecc2983d48be?s=32&d=identicon&r=PG&f=1,5,0,~20k,2014-03-12 23:45:54Z,5 profile views,411,https://security.stackexchange.com/users/41900/nath
170,Mawg,https://www.gravatar.com/avatar/de26f9c446ae47545220ff9eff3e3ef7?s=328&d=identicon&r=PG,3,15,~28k,2011-08-16 12:01:48Z,81 profile views,696,https://security.stackexchange.com/users/4321/mawg
171,Lightness Races in Orbit,https://i.stack.imgur.com/AkjZZ.jpg?s=328&g=1,7,1,~41k,2012-12-13 17:46:02Z,793 profile views,"1,685",https://security.stackexchange.com/users/17040/lightness-races-in-orbit
172,CPHPython,https://www.gravatar.com/avatar/454b014c1824907e3042d51841b1ca1f?s=32&d=identicon&r=PG&f=1,5,1,~27k,2016-08-12 15:01:15Z,15 profile views,311,https://security.stackexchange.com/users/121288/cphpython
173,DoubleD,https://www.gravatar.com/avatar/208169856a8ec772eee6dd107465021d?s=32&d=identicon&r=PG&f=1,35,0,~94k,2018-03-22 17:04:15Z,29 profile views,"1,965",https://security.stackexchange.com/users/173651/doubled
174,Michael Elliott,https://www.gravatar.com/avatar/778b804749732e7546039bfaaa6b0f25?s=32&d=identicon&r=PG,1,0,0,2018-03-28 01:49:54Z,2 profile views,31,https://security.stackexchange.com/users/174126/michael-elliott
175,Rui F Ribeiro,https://graph.facebook.com/10203124958359891/picture?type=large,29,0,~150k,2015-11-16 15:31:59Z,161 profile views,"1,616",https://security.stackexchange.com/users/92077/rui-f-ribeiro
176,Egor,https://www.gravatar.com/avatar/d9dc93cbfb161d0d98b71dde1b70902f?s=32&d=identicon&r=PG,1,0,0,2018-03-31 16:12:23Z,0 profile views,1,https://security.stackexchange.com/users/174424/egor
177,Tobias Guggenmos,https://www.gravatar.com/avatar/7f98766870a1014607683c404a33ee23?s=32&d=identicon&r=PG&f=1,2,0,~333,2017-07-11 15:07:11Z,2 profile views,91,https://security.stackexchange.com/users/153103/tobias-guggenmos
178,Lie Ryan,https://www.gravatar.com/avatar/e9739ec5574d9977b522d1c80fb8de84?s=32&d=identicon&r=PG,385,2,~850k,2011-06-06 18:28:53Z,682 profile views,"21,310",https://security.stackexchange.com/users/2755/lie-ryan
179,Jens,https://i.stack.imgur.com/QXLJQ.png?s=32&g=1,2,0,~1k,2017-03-16 06:02:20Z,3 profile views,11,https://security.stackexchange.com/users/142089/jens
180,Tom K.,https://i.stack.imgur.com/pUNn5.jpg?s=328&g=1,74,10,~224k,2015-09-14 11:50:52Z,"1,022 profile views","5,042",https://security.stackexchange.com/users/86741/tom-k
181,bulw4rk,https://www.gravatar.com/avatar/143545f6f2565a1f909929211273cc7e?s=328&d=identicon&r=PG&f=1,5,1,~706,2018-03-18 15:30:54Z,7 profile views,51,https://security.stackexchange.com/users/173264/bulw4rk
182,bashCypher,https://www.gravatar.com/avatar/2c11d20c964fb1826fc23b963591b6f8?s=32&d=identicon&r=PG&f=1,34,4,~8k,2018-02-06 02:35:41Z,41 profile views,626,https://security.stackexchange.com/users/170099/bashcypher
183,user1330734,https://www.gravatar.com/avatar/39be27bc0a4b5c126b987de141e57a71?s=32&d=identicon&r=PG,1,11,~7k,2016-06-29 19:49:28Z,5 profile views,119,https://security.stackexchange.com/users/116126/user1330734
184,Nathan Merrill,https://www.gravatar.com/avatar/2e136ce1996a3aceff6b8fa340809591?s=328&d=identicon&r=PG,0,6,~3k,2014-12-15 16:41:06Z,23 profile views,207,https://security.stackexchange.com/users/63551/nathan-merrill
185,Clockwork-Muse,https://i.stack.imgur.com/2l9uC.jpg?s=328&g=1,4,0,~14k,2011-07-13 16:29:32Z,326 profile views,536,https://security.stackexchange.com/users/3396/clockwork-muse
186,noɥʇʎԀʎzɐɹƆ,https://i.stack.imgur.com/WW5ah.jpg?s=328&g=1,9,4,~51k,2015-08-09 21:21:46Z,203 profile views,304,https://security.stackexchange.com/users/83035/no%c9%a5%ca%87%ca%8e%d4%80%ca%8ez%c9%90%c9%b9%c6%86
187,tim,https://www.gravatar.com/avatar/96300de14a76309c3af5e020b26951ca?s=328&d=identicon&r=PG,289,15,~669k,2012-03-28 18:48:19Z,555 profile views,"22,891",https://security.stackexchange.com/users/8754/tim
188,Zoltan,https://www.gravatar.com/avatar/a3d3b48cc8a5fbe9b1e1ff6952b89c42?s=328&d=identicon&r=PG&f=1,1,3,~1k,2018-01-09 08:53:18Z,555 profile views,177,https://security.stackexchange.com/users/168053/zoltan
189,Melanie,https://www.gravatar.com/avatar/a7afab795e2f31c9c195fb692d61b4c6?s=328&d=identicon&r=PG&f=1,1,0,~9k,2018-11-09 17:59:03Z,10 profile views,361,https://security.stackexchange.com/users/190937/melanie
190,Duncan X Simpson,https://www.gravatar.com/avatar/e717b0592a18a7c6fc70f50172fddf3c?s=328&d=identicon&r=PG&f=1,3,2,~5k,2014-07-13 00:51:41Z,48 profile views,180,https://security.stackexchange.com/users/51853/duncan-x-simpson
191,Jost,https://www.gravatar.com/avatar/4104665ddf30c67a7042397a7bbe08b8?s=328&d=identicon&r=PG,1,2,~20k,2014-03-04 23:15:09Z,3 profile views,161,https://security.stackexchange.com/users/41377/jost
192,Brian Williams,https://lh3.googleusercontent.com/-exhMuJLXtxA/AAAAAAAAAAI/AAAAAAAAAIE/AEAjeJQ6eTQ/photo.jpg?sz=32,8,0,~12k,2016-12-21 07:11:02Z,5 profile views,196,https://security.stackexchange.com/users/134037/brian-williams
193,CBHacking,https://www.gravatar.com/avatar/4c62e62bb586ceb167170d907ddaaf9b?s=32&d=identicon&r=PG&f=1,234,0,~313k,2014-08-06 04:01:29Z,555 profile views,"9,227",https://security.stackexchange.com/users/53333/cbhacking
194,Gustavo Rodrigues,https://i.stack.imgur.com/EBgK9.png?s=328&g=1,0,0,0,2014-02-19 17:09:41Z,50 profile views,103,https://security.stackexchange.com/users/40377/gustavo-rodrigues
195,Pierre del Perugia,https://www.gravatar.com/avatar/86da37016f4e5c8b6891d3867174270e?s=32&d=identicon&r=PG&f=1,1,0,0,2018-11-10 09:10:43Z,50 profile views,37,https://security.stackexchange.com/users/190976/pierre-del-perugia
196,Christopher Schultz,https://www.gravatar.com/avatar/c7dd5b284cb4046a3f3dd0ede614e12a?s=32&d=identicon&r=PG&f=1,4,3,~6k,2015-10-22 21:00:58Z,24 profile views,207,https://security.stackexchange.com/users/89987/christopher-schultz
197,user211198,https://www.gravatar.com/avatar/5ff8123873cda0f9deccbcea85040e15?s=32&d=identicon&r=PG&f=1,1,0,0,2018-11-12 21:14:28Z,24 profile views,11,https://security.stackexchange.com/users/191162/user211198
198,curiousguy,https://www.gravatar.com/avatar/d1be55eb013c43a820acae213096664e?s=328&d=identicon&r=PG,53,2,~364k,2011-09-24 18:55:59Z,870 profile views,"4,012",https://security.stackexchange.com/users/5133/curiousguy
199,March Ho,https://www.gravatar.com/avatar/b10de963b115fd0720d6a558fd1ac06c?s=328&d=identicon&r=PG,7,2,~279k,2014-12-16 08:21:08Z,66 profile views,857,https://security.stackexchange.com/users/63600/march-ho
200,Tomachi,https://www.gravatar.com/avatar/52f93a3995749453c8bc28849414357a?s=32&d=identicon&r=PG,2,1,~108,2016-10-22 16:20:50Z,3 profile views,98,https://security.stackexchange.com/users/128307/tomachi
201,FireCubez,https://lh3.googleusercontent.com/-FnOW9iD0N1U/AAAAAAAAAAI/AAAAAAAAAAA/AAnnY7pwrO--yv-cnkbhPgCtsqaJLa8xhQ/mo/photo.jpg?sz=32,0,1,~9k,2018-11-09 13:49:36Z,388 profile views,240,https://security.stackexchange.com/users/190914/firecubez
202,d33tah,https://www.gravatar.com/avatar/15098b2b940cacd8b4d07026e01e3102?s=328&d=identicon&r=PG,7,53,~151k,2012-11-03 11:01:33Z,443 profile views,"3,442",https://security.stackexchange.com/users/15648/d33tah
203,aaaaaa,https://www.gravatar.com/avatar/899e39ce4e87fad8ed88bd4a0b7d5126?s=328&d=identicon&r=PG,0,0,0,2016-05-16 19:50:51Z,2 profile views,101,https://security.stackexchange.com/users/110813/aaaaaa
204,peterh,https://i.stack.imgur.com/BfUwH.jpg?s=328&g=1,69,5,~88k,2013-12-14 13:56:02Z,448 profile views,"2,107",https://security.stackexchange.com/users/35683/peterh
205,Coomie,https://www.gravatar.com/avatar/41db4b4ecb7bb01b80878455194af31f?s=328&d=identicon&r=PG,0,0,0,2018-11-06 03:02:26Z,448 profile views,101,https://security.stackexchange.com/users/190611/coomie
206,NASAhorse,https://i.stack.imgur.com/7unhY.jpg?s=32&g=1,13,0,~32k,2017-02-08 21:54:45Z,14 profile views,126,https://security.stackexchange.com/users/138814/nasahorse
207,Michaël Polla,https://www.gravatar.com/avatar/05e30b369b797a91486acc6b81f2e58a?s=328&d=identicon&r=PG,0,0,0,2016-07-13 08:43:26Z,0 profile views,101,https://security.stackexchange.com/users/117399/micha%c3%abl-polla
208,binarym,https://www.gravatar.com/avatar/8776e180be03572872038622c72d757a?s=328&d=identicon&r=PG,5,0,~4k,2016-10-10 16:15:10Z,5 profile views,193,https://security.stackexchange.com/users/127051/binarym
209,DavidS,https://www.gravatar.com/avatar/3798fee71522049317927bc8053c0599?s=328&d=identicon&r=PG,0,0,0,2014-04-08 03:48:18Z,0 profile views,101,https://security.stackexchange.com/users/43631/davids
210,Jad S,https://i.stack.imgur.com/m2INz.png?s=32&g=1,0,2,~9k,2016-10-28 15:24:18Z,121 profile views,241,https://security.stackexchange.com/users/129001/jad-s
